{"TCD": 45365, "TNCED": 24173.909090909096, "TED": 63321.90909090909}