{"Total corona deaths": 45365, "Total non-corona excess deaths": 24173.909090909096, "Total Excess deaths": 63321.90909090909}